species,genus,n_pairs,n_positive,n_strains,pos_rate,s_topk_cov@1,s_greedy_cov@1,s_divgr_cov@1,greedy_phages@1,s_random_cov@1,s_random_cov_std@1,s_greedy_robust@1,s_greedy_covdrop@1,i_greedy_cov@1,i_random_cov@1,s_topk_cov@2,s_greedy_cov@2,s_divgr_cov@2,greedy_phages@2,s_random_cov@2,s_random_cov_std@2,s_greedy_robust@2,s_greedy_covdrop@2,i_greedy_cov@2,i_random_cov@2,s_topk_cov@3,s_greedy_cov@3,s_divgr_cov@3,greedy_phages@3,s_random_cov@3,s_random_cov_std@3,s_greedy_robust@3,s_greedy_covdrop@3,i_greedy_cov@3,i_random_cov@3,s_topk_cov@4,s_greedy_cov@4,s_divgr_cov@4,greedy_phages@4,s_random_cov@4,s_random_cov_std@4,s_greedy_robust@4,s_greedy_covdrop@4,i_greedy_cov@4,i_random_cov@4,s_topk_cov@5,s_greedy_cov@5,s_divgr_cov@5,greedy_phages@5,s_random_cov@5,s_random_cov_std@5,s_greedy_robust@5,s_greedy_covdrop@5,i_greedy_cov@5,i_random_cov@5,s_greedy_marginal@1,s_greedy_marginal@2,s_greedy_marginal@3,s_greedy_marginal@4,s_greedy_marginal@5
achromobacter xylosoxidans,achromobacter,8,7,3,0.875,0.3333333333333333,0.3333333333333333,0.3333333333333333,nc 029106,0.29,0.11210114480533494,0.0,0.3333333333333333,0.14285714285714285,0.12714285714285709,0.3333333333333333,0.6666666666666666,0.6666666666666666,nc 029106|nc 023556,0.4866666666666667,0.1661324772583615,0.3333333333333333,0.3333333333333333,0.2857142857142857,0.2499999999999999,0.3333333333333333,1.0,1.0,nc 029106|nc 023556|nc 029033,0.5833333333333333,0.19649710204252663,0.6666666666666666,0.33333333333333337,0.42857142857142855,0.3671428571428571,0.3333333333333333,1.0,1.0,nc 029106|nc 023556|nc 029033,0.65,0.20749832663314555,0.6666666666666666,0.33333333333333337,0.42857142857142855,0.49857142857142844,0.6666666666666666,1.0,1.0,nc 029106|nc 023556|nc 029033,0.7533333333333335,0.21406125810669768,0.6666666666666666,0.33333333333333337,0.42857142857142855,0.627142857142857,0.3333333333333333,0.3333333333333333,0.33333333333333337,0.0,0.0
acinetobacter baumannii,acinetobacter,39,35,17,0.8974358974358975,0.058823529411764705,0.058823529411764705,0.058823529411764705,nc 018087,0.05294117647058823,0.017647058823529408,0.0,0.058823529411764705,0.02857142857142857,0.025999999999999995,0.11764705882352941,0.11764705882352941,0.11764705882352941,nc 018087|nc 027332,0.08705882352941177,0.0305429529076404,0.058823529411764705,0.058823529411764705,0.05714285714285714,0.05285714285714285,0.17647058823529413,0.17647058823529413,0.17647058823529413,nc 018087|nc 027332|nc 041857,0.1252941176470588,0.04213588169187346,0.11764705882352941,0.05882352941176472,0.08571428571428572,0.07942857142857143,0.17647058823529413,0.23529411764705882,0.23529411764705882,nc 018087|nc 027332|nc 041857|nc 041998,0.16294117647058823,0.050502663604426526,0.17647058823529413,0.05882352941176469,0.11428571428571428,0.10057142857142858,0.17647058823529413,0.29411764705882354,0.29411764705882354,nc 018087|nc 027332|nc 041857|nc 041998|nc 024785,0.19176470588235295,0.06148114179037139,0.23529411764705882,0.05882352941176472,0.14285714285714285,0.1257142857142857,0.058823529411764705,0.058823529411764705,0.05882352941176472,0.05882352941176469,0.05882352941176472
aeromonas hydrophila,aeromonas,5,3,2,0.6,0.5,0.5,0.5,nc 019538,0.285,0.24753787588973125,0.0,0.5,0.3333333333333333,0.21333333333333332,0.5,1.0,1.0,nc 019538|nc 025459,0.575,0.248746859276655,0.5,0.5,0.6666666666666666,0.3933333333333333,1.0,1.0,1.0,nc 019538|nc 025459,0.745,0.24994999499899975,0.5,0.5,0.6666666666666666,0.59,1.0,1.0,1.0,nc 019538|nc 025459,0.865,0.22197972880423114,0.5,0.5,0.6666666666666666,0.8000000000000002,1.0,1.0,1.0,nc 019538|nc 025459,1.0,0.0,0.5,0.5,0.6666666666666666,1.0,0.5,0.5,0.0,0.0,0.0
aeromonas salmonicida,aeromonas,13,11,1,0.8461538461538461,1.0,1.0,1.0,nc 019527,0.89,0.31288975694324034,0.0,1.0,0.09090909090909091,0.08090909090909093,1.0,1.0,1.0,nc 019527,0.98,0.13999999999999999,0.0,1.0,0.09090909090909091,0.15181818181818182,1.0,1.0,1.0,nc 019527,1.0,0.0,0.0,1.0,0.09090909090909091,0.23454545454545456,1.0,1.0,1.0,nc 019527,1.0,0.0,0.0,1.0,0.09090909090909091,0.31545454545454543,1.0,1.0,1.0,nc 019527,1.0,0.0,0.0,1.0,0.09090909090909091,0.3809090909090909,1.0,0.0,0.0,0.0,0.0
bacillus anthracis,bacillus,12,10,4,0.8333333333333334,0.25,0.25,0.25,nc 007814,0.22,0.08124038404635961,0.0,0.25,0.1,0.07499999999999998,0.25,0.5,0.5,nc 007814|nc 020873,0.3625,0.13404756618454514,0.25,0.25,0.2,0.17099999999999999,0.25,0.75,0.75,nc 007814|nc 020873|nc 028982,0.52,0.15684387141358122,0.5,0.25,0.3,0.254,0.25,1.0,1.0,nc 007814|nc 020873|nc 028982|nc 025423,0.5725,0.17781661902083282,0.75,0.25,0.4,0.34099999999999997,0.5,1.0,1.0,nc 007814|nc 020873|nc 028982|nc 025423,0.7075,0.1622305458290762,0.75,0.25,0.4,0.3989999999999999,0.25,0.25,0.25,0.25,0.0
bacillus cereus,bacillus,33,23,9,0.696969696969697,0.1111111111111111,0.1111111111111111,0.1111111111111111,nc 004821,0.07666666666666667,0.05138813813265412,0.0,0.1111111111111111,0.043478260869565216,0.03217391304347826,0.1111111111111111,0.2222222222222222,0.2222222222222222,nc 004821|nc 031055,0.1411111111111111,0.0682316316348624,0.1111111111111111,0.1111111111111111,0.08695652173913043,0.06000000000000001,0.2222222222222222,0.3333333333333333,0.3333333333333333,nc 004821|nc 031055|nc 031056,0.1811111111111111,0.07802342161804782,0.2222222222222222,0.1111111111111111,0.13043478260869565,0.08695652173913042,0.2222222222222222,0.4444444444444444,0.4444444444444444,nc 004821|nc 031055|nc 031056|nc 027355,0.23000000000000004,0.0878480731184087,0.3333333333333333,0.1111111111111111,0.17391304347826086,0.12304347826086957,0.2222222222222222,0.5555555555555556,0.5555555555555556,nc 004821|nc 031055|nc 031056|nc 027355|nc 028789,0.2744444444444445,0.09994442900376632,0.4444444444444444,0.11111111111111116,0.21739130434782608,0.1534782608695652,0.1111111111111111,0.1111111111111111,0.1111111111111111,0.1111111111111111,0.11111111111111116
bacillus megaterium,bacillus,25,16,6,0.64,0.16666666666666666,0.16666666666666666,0.16666666666666666,nc 027374,0.07833333333333332,0.0831831980897852,0.0,0.16666666666666666,0.0625,0.034375,0.3333333333333333,0.3333333333333333,0.3333333333333333,nc 027374|nc 023719,0.19666666666666666,0.11150485789118486,0.16666666666666666,0.16666666666666666,0.125,0.078125,0.5,0.5,0.5,nc 027374|nc 023719|nc 028856,0.2916666666666667,0.125554326444328,0.3333333333333333,0.16666666666666669,0.1875,0.12875,0.5,0.6666666666666666,0.6666666666666666,nc 027374|nc 023719|nc 028856|nc 022774,0.3350000000000001,0.13843369853070056,0.5,0.16666666666666663,0.25,0.1575,0.6666666666666666,0.8333333333333334,0.8333333333333334,nc 027374|nc 023719|nc 028856|nc 022774|nc 042140,0.4116666666666666,0.13219304066402288,0.6666666666666666,0.16666666666666674,0.3125,0.1875,0.16666666666666666,0.16666666666666666,0.16666666666666669,0.16666666666666663,0.16666666666666674
bacillus pumilus,bacillus,14,10,4,0.7142857142857143,0.25,0.25,0.25,nc 041858,0.175,0.11456439237389598,0.0,0.25,0.1,0.07299999999999998,0.25,0.5,0.5,nc 041858|nc 022765,0.3125,0.1340475661845451,0.25,0.25,0.2,0.153,0.25,0.75,0.75,nc 041858|nc 022765|nc 020081,0.44,0.1662828914831589,0.5,0.25,0.3,0.20700000000000002,0.25,1.0,1.0,nc 041858|nc 022765|nc 020081|nc 029121,0.5,0.1767766952966369,0.75,0.25,0.4,0.278,0.25,1.0,1.0,nc 041858|nc 022765|nc 020081|nc 029121,0.59,0.1786057109949175,0.75,0.25,0.4,0.3599999999999999,0.25,0.25,0.25,0.25,0.0
bacillus subtilis,bacillus,41,21,7,0.5121951219512195,0.14285714285714285,0.14285714285714285,0.14285714285714285,nc 020883,0.07857142857142857,0.07107053122190142,0.0,0.14285714285714285,0.047619047619047616,0.02666666666666666,0.14285714285714285,0.2857142857142857,0.2857142857142857,nc 020883|nc 021856,0.15285714285714286,0.10152912520703664,0.14285714285714285,0.14285714285714285,0.09523809523809523,0.05428571428571427,0.2857142857142857,0.42857142857142855,0.42857142857142855,nc 020883|nc 021856|nc 030903,0.20714285714285707,0.09340497736158586,0.2857142857142857,0.14285714285714285,0.14285714285714285,0.07476190476190477,0.42857142857142855,0.5714285714285714,0.5714285714285714,nc 020883|nc 021856|nc 030903|nc 043027,0.25142857142857133,0.11972758194146835,0.42857142857142855,0.14285714285714285,0.19047619047619047,0.09761904761904759,0.5714285714285714,0.7142857142857143,0.7142857142857143,nc 020883|nc 021856|nc 030903|nc 043027|nc 031039,0.3042857142857142,0.12397333485512937,0.5714285714285714,0.1428571428571429,0.23809523809523808,0.12809523809523807,0.14285714285714285,0.14285714285714285,0.14285714285714285,0.14285714285714285,0.1428571428571429
bacillus thuringiensis,bacillus,45,41,19,0.9111111111111111,0.05263157894736842,0.05263157894736842,0.05263157894736842,nc 031121,0.04842105263157894,0.014278589438158459,0.0,0.05263157894736842,0.024390243902439025,0.02121951219512195,0.10526315789473684,0.10526315789473684,0.10526315789473684,nc 031121|nc 019502,0.09210526315789473,0.022790142204853647,0.05263157894736842,0.05263157894736842,0.04878048780487805,0.04560975609756098,0.15789473684210525,0.15789473684210525,0.15789473684210525,nc 031121|nc 019502|nc 018085,0.1321052631578947,0.03022995890689343,0.10526315789473684,0.05263157894736842,0.07317073170731707,0.06682926829268292,0.21052631578947367,0.21052631578947367,0.21052631578947367,nc 031121|nc 019502|nc 018085|nc 028748,0.1710526315789474,0.0352081267375254,0.15789473684210525,0.05263157894736842,0.0975609756097561,0.0892682926829268,0.2631578947368421,0.2631578947368421,0.2631578947368421,nc 031121|nc 019502|nc 018085|nc 028748|nc 023599,0.2031578947368421,0.04589521969808766,0.21052631578947367,0.05263157894736842,0.12195121951219512,0.11073170731707316,0.05263157894736842,0.05263157894736842,0.05263157894736842,0.05263157894736842,0.05263157894736842
bacillus weihenstephanensis,bacillus,7,3,3,0.42857142857142855,0.3333333333333333,0.3333333333333333,0.3333333333333333,nc 021336,0.13,0.16258331197676265,0.0,0.3333333333333333,0.3333333333333333,0.13666666666666666,0.6666666666666666,0.6666666666666666,0.6666666666666666,nc 021336|nc 020873,0.31,0.20141168453361058,0.3333333333333333,0.3333333333333333,0.6666666666666666,0.27,0.6666666666666666,1.0,1.0,nc 021336|nc 020873|nc 027352,0.41666666666666674,0.2327373340628157,0.6666666666666666,0.33333333333333337,1.0,0.44,0.6666666666666666,1.0,1.0,nc 021336|nc 020873|nc 027352,0.5333333333333334,0.23570226039551584,0.6666666666666666,0.33333333333333337,1.0,0.5733333333333333,0.6666666666666666,1.0,1.0,nc 021336|nc 020873|nc 027352,0.7333333333333333,0.21602468994692867,0.6666666666666666,0.33333333333333337,1.0,0.71,0.3333333333333333,0.3333333333333333,0.33333333333333337,0.0,0.0
brevibacillus laterosporus,brevibacillus,8,7,2,0.875,0.5,0.5,0.5,nc 028749,0.435,0.16815171720800237,0.0,0.5,0.14285714285714285,0.12571428571428567,0.5,1.0,1.0,nc 028749|nc 028805,0.585,0.1878163997099295,0.5,0.5,0.2857142857142857,0.24571428571428564,0.5,1.0,1.0,nc 028749|nc 028805,0.67,0.23685438564654024,0.5,0.5,0.2857142857142857,0.38285714285714284,0.5,1.0,1.0,nc 028749|nc 028805,0.77,0.24919871588754222,0.5,0.5,0.2857142857142857,0.4914285714285713,0.5,1.0,1.0,nc 028749|nc 028805,0.83,0.23685438564654027,0.5,0.5,0.2857142857142857,0.6157142857142855,0.5,0.5,0.0,0.0,0.0
burkholderia cepacia,burkholderia,8,7,2,0.875,0.5,0.5,0.5,nc 007497,0.435,0.16815171720800237,0.0,0.5,0.14285714285714285,0.12428571428571424,0.5,1.0,1.0,nc 007497|nc 018452,0.605,0.20365411854416304,0.5,0.5,0.2857142857142857,0.2357142857142856,0.5,1.0,1.0,nc 007497|nc 018452,0.715,0.24753787588973122,0.5,0.5,0.2857142857142857,0.3714285714285714,0.5,1.0,1.0,nc 007497|nc 018452,0.715,0.24753787588973122,0.5,0.5,0.2857142857142857,0.4885714285714286,1.0,1.0,1.0,nc 007497|nc 018452,0.785,0.24753787588973122,0.5,0.5,0.2857142857142857,0.6242857142857141,0.5,0.5,0.0,0.0,0.0
citrobacter freundii,citrobacter,19,14,5,0.7368421052631579,0.2,0.2,0.2,nc 027350,0.15599999999999997,0.08284926070883192,0.0,0.2,0.07142857142857142,0.05714285714285712,0.2,0.4,0.4,nc 027350|nc 028880,0.256,0.11689311356961968,0.2,0.2,0.14285714285714285,0.09857142857142855,0.2,0.6,0.6,nc 027350|nc 028880|nc 031092,0.3559999999999999,0.1512084653714864,0.4,0.19999999999999996,0.21428571428571427,0.15999999999999995,0.2,0.8,0.8,nc 027350|nc 028880|nc 031092|nc 031018,0.42,0.13711309200802088,0.6,0.20000000000000007,0.2857142857142857,0.20928571428571427,0.2,1.0,1.0,nc 027350|nc 028880|nc 031092|nc 031018|nc 029102,0.4660000000000001,0.16983521425193304,0.8,0.19999999999999996,0.35714285714285715,0.2607142857142857,0.2,0.2,0.19999999999999996,0.20000000000000007,0.19999999999999996
clostridium difficile,clostridium,18,16,2,0.8888888888888888,0.5,0.5,0.5,nc 029048,0.47,0.11874342087037916,0.0,0.5,0.0625,0.05625,0.5,1.0,1.0,nc 029048|nc 009231,0.605,0.20365411854416304,0.5,0.5,0.125,0.111875,0.5,1.0,1.0,nc 029048|nc 009231,0.66,0.233238075793812,0.5,0.5,0.125,0.1625,1.0,1.0,1.0,nc 029048|nc 009231,0.67,0.23685438564654024,0.5,0.5,0.125,0.221875,1.0,1.0,1.0,nc 029048|nc 009231,0.75,0.25,0.5,0.5,0.125,0.27875,0.5,0.5,0.0,0.0,0.0
clostridium perfringens,clostridium,14,12,4,0.8571428571428571,0.25,0.25,0.25,nc 017978,0.225,0.075,0.0,0.25,0.08333333333333333,0.07249999999999998,0.5,0.5,0.5,nc 017978|nc 019496,0.3375,0.1293010054098575,0.25,0.25,0.16666666666666666,0.14666666666666667,0.5,0.75,0.75,nc 017978|nc 019496|nc 008265,0.4225,0.15690363284513204,0.5,0.25,0.25,0.215,0.5,1.0,1.0,nc 017978|nc 019496|nc 008265|nc 021325,0.4475,0.16315253599009732,0.75,0.25,0.3333333333333333,0.29083333333333333,0.5,1.0,1.0,nc 017978|nc 019496|nc 008265|nc 021325,0.5,0.1903943276465977,0.75,0.25,0.3333333333333333,0.3550000000000001,0.25,0.25,0.25,0.25,0.0
cronobacter sakazakii,cronobacter,19,15,6,0.7894736842105263,0.16666666666666666,0.16666666666666666,0.16666666666666666,nc 019927,0.13999999999999999,0.06110100926607786,0.0,0.16666666666666666,0.06666666666666667,0.053999999999999986,0.16666666666666666,0.3333333333333333,0.3333333333333333,nc 019927|nc 019509,0.22833333333333336,0.09325889889025188,0.16666666666666666,0.16666666666666666,0.13333333333333333,0.09933333333333332,0.3333333333333333,0.5,0.5,nc 019927|nc 019509|nc 028773,0.30333333333333334,0.12333333333333334,0.3333333333333333,0.16666666666666669,0.2,0.15999999999999998,0.3333333333333333,0.6666666666666666,0.6666666666666666,nc 019927|nc 019509|nc 028773|nc 020078,0.3450000000000001,0.13177210967761308,0.5,0.16666666666666663,0.26666666666666666,0.20466666666666666,0.5,0.8333333333333334,0.8333333333333334,nc 019927|nc 019509|nc 028773|nc 020078|nc 031053,0.3966666666666667,0.12644717825593774,0.6666666666666666,0.16666666666666674,0.3333333333333333,0.25866666666666666,0.16666666666666666,0.16666666666666666,0.16666666666666669,0.16666666666666663,0.16666666666666674
enterobacter aerogenes,enterobacter,9,4,2,0.4444444444444444,0.5,0.5,0.5,nc 041980,0.24,0.24979991993593592,0.0,0.5,0.25,0.0975,0.5,1.0,1.0,nc 041980|nc 028695,0.395,0.2940663190506523,0.5,0.5,0.5,0.2275,0.5,1.0,1.0,nc 041980|nc 028695,0.565,0.28857408061016154,0.5,0.5,0.5,0.3675,0.5,1.0,1.0,nc 041980|nc 028695,0.685,0.2515452245621053,0.5,0.5,0.5,0.4775,0.5,1.0,1.0,nc 041980|nc 028695,0.72,0.26758176320519306,0.5,0.5,0.5,0.5675,0.5,0.5,0.0,0.0,0.0
enterobacter cloacae,enterobacter,8,4,3,0.5,0.3333333333333333,0.3333333333333333,0.3333333333333333,nc 042122,0.16333333333333333,0.16663332999933314,0.0,0.3333333333333333,0.25,0.135,0.3333333333333333,0.6666666666666666,0.6666666666666666,nc 042122|nc 023561,0.3333333333333334,0.19436506316151,0.3333333333333333,0.3333333333333333,0.5,0.245,0.6666666666666666,1.0,1.0,nc 042122|nc 023561|nc 021531,0.4966666666666667,0.21855586623714005,0.6666666666666666,0.33333333333333337,0.75,0.35,0.6666666666666666,1.0,1.0,nc 042122|nc 023561|nc 021531,0.5733333333333333,0.22647050335284039,0.6666666666666666,0.33333333333333337,0.75,0.505,1.0,1.0,1.0,nc 042122|nc 023561|nc 021531,0.68,0.2156128217172831,0.6666666666666666,0.33333333333333337,0.75,0.6325,0.3333333333333333,0.3333333333333333,0.33333333333333337,0.0,0.0
enterococcus faecalis,enterococcus,52,33,9,0.6346153846153846,0.1111111111111111,0.1111111111111111,0.1111111111111111,nc 028671,0.06777777777777777,0.05419443732558754,0.0,0.1111111111111111,0.030303030303030304,0.01818181818181818,0.1111111111111111,0.2222222222222222,0.2222222222222222,nc 028671|nc 042134,0.12,0.0559541258311741,0.1111111111111111,0.1111111111111111,0.06060606060606061,0.040606060606060604,0.1111111111111111,0.3333333333333333,0.3333333333333333,nc 028671|nc 042134|nc 028990,0.14444444444444446,0.06382847385042253,0.2222222222222222,0.1111111111111111,0.09090909090909091,0.05575757575757574,0.1111111111111111,0.4444444444444444,0.4444444444444444,nc 028671|nc 042134|nc 028990|nc 042101,0.17444444444444446,0.08051531561996582,0.3333333333333333,0.1111111111111111,0.12121212121212122,0.07848484848484848,0.1111111111111111,0.5555555555555556,0.5555555555555556,nc 028671|nc 042134|nc 028990|nc 042101|nc 031051,0.19444444444444442,0.08516505398197717,0.4444444444444444,0.11111111111111116,0.15151515151515152,0.10484848484848484,0.1111111111111111,0.1111111111111111,0.1111111111111111,0.1111111111111111,0.11111111111111116
enterococcus faecium,enterococcus,6,4,1,0.6666666666666666,1.0,1.0,1.0,nc 028826,0.7,0.458257569495584,0.0,1.0,0.25,0.1825,1.0,1.0,1.0,nc 028826,0.9,0.3,0.0,1.0,0.25,0.3375,1.0,1.0,1.0,nc 028826,1.0,0.0,0.0,1.0,0.25,0.4975,1.0,1.0,1.0,nc 028826,1.0,0.0,0.0,1.0,0.25,0.65,1.0,1.0,1.0,nc 028826,1.0,0.0,0.0,1.0,0.25,0.8175,1.0,0.0,0.0,0.0,0.0
enterovibrio norvegicus,enterovibrio,60,12,5,0.2,0.2,0.2,0.2,mg592459.1,0.05000000000000001,0.08660254037844385,0.0,0.2,0.08333333333333333,0.0175,0.2,0.4,0.4,mg592459.1|mg592396.1,0.08399999999999999,0.1101998185116473,0.2,0.2,0.16666666666666666,0.035833333333333335,0.2,0.6,0.6,mg592459.1|mg592396.1|mg592622.1,0.09599999999999997,0.12158947322856532,0.4,0.19999999999999996,0.25,0.04999999999999999,0.2,0.8,0.8,mg592459.1|mg592396.1|mg592622.1|mg592390.1,0.15999999999999998,0.13564659966250536,0.6,0.20000000000000007,0.3333333333333333,0.07749999999999999,0.2,1.0,1.0,mg592459.1|mg592396.1|mg592622.1|mg592390.1|mg592511.1,0.17199999999999996,0.14147791347061917,0.8,0.19999999999999996,0.4166666666666667,0.07583333333333332,0.2,0.2,0.19999999999999996,0.20000000000000007,0.19999999999999996
escherichia coli,escherichia,248,222,83,0.8951612903225806,0.012048192771084338,0.012048192771084338,0.012048192771084338,nc 002730,0.011204819277108431,0.0030740604390778487,0.0,0.012048192771084338,0.0045045045045045045,0.0040990990990991,0.012048192771084338,0.024096385542168676,0.024096385542168676,nc 002730|nc 028896,0.020602409638554215,0.00572637813894754,0.012048192771084338,0.012048192771084338,0.009009009009009009,0.007792792792792793,0.012048192771084338,0.03614457831325301,0.03614457831325301,nc 002730|nc 028896|nc 019715,0.029036144578313255,0.007825762621231313,0.024096385542168676,0.012048192771084335,0.013513513513513514,0.01193693693693694,0.012048192771084338,0.04819277108433735,0.04819277108433735,nc 002730|nc 028896|nc 019715|nc 041935,0.036265060240963855,0.010293275324745646,0.03614457831325301,0.012048192771084341,0.018018018018018018,0.01594594594594595,0.012048192771084338,0.060240963855421686,0.060240963855421686,nc 002730|nc 028896|nc 019715|nc 041935|nc 016160,0.0453012048192771,0.010519942145996662,0.04819277108433735,0.012048192771084335,0.02252252252252252,0.020315315315315316,0.012048192771084338,0.012048192771084338,0.012048192771084335,0.012048192771084341,0.012048192771084335
gordonia terrae,gordonia,64,63,22,0.984375,0.045454545454545456,0.045454545454545456,0.045454545454545456,nc 030917,0.04454545454545457,0.006363636363636363,0.0,0.045454545454545456,0.015873015873015872,0.015555555555555553,0.045454545454545456,0.09090909090909091,0.09090909090909091,nc 030917|nc 030942,0.08500000000000003,0.015286519746182035,0.045454545454545456,0.045454545454545456,0.031746031746031744,0.03079365079365079,0.045454545454545456,0.13636363636363635,0.13636363636363635,nc 030917|nc 030942|nc 031226,0.12318181818181817,0.02160406297875662,0.09090909090909091,0.04545454545454544,0.047619047619047616,0.047301587301587296,0.045454545454545456,0.18181818181818182,0.18181818181818182,nc 030917|nc 030942|nc 031226|nc 030914,0.155,0.03089237515917491,0.13636363636363635,0.04545454545454547,0.06349206349206349,0.06269841269841268,0.045454545454545456,0.22727272727272727,0.22727272727272727,nc 030917|nc 030942|nc 031226|nc 030914|nc 031060,0.1913636363636364,0.03709213456086063,0.18181818181818182,0.04545454545454544,0.07936507936507936,0.07809523809523806,0.045454545454545456,0.045454545454545456,0.04545454545454544,0.04545454545454547,0.04545454545454544
klebsiella pneumoniae,klebsiella,40,30,13,0.75,0.07692307692307693,0.07692307692307693,0.07692307692307693,nc 028659,0.05461538461538461,0.03490477324473362,0.0,0.07692307692307693,0.03333333333333333,0.022666666666666665,0.15384615384615385,0.15384615384615385,0.15384615384615385,nc 028659|nc 031087,0.10076923076923075,0.043097522547173674,0.07692307692307693,0.07692307692307693,0.06666666666666667,0.04966666666666666,0.23076923076923078,0.23076923076923078,0.23076923076923078,nc 028659|nc 031087|nc 028760,0.13615384615384613,0.045967572825626656,0.15384615384615385,0.07692307692307693,0.1,0.07266666666666664,0.3076923076923077,0.3076923076923077,0.3076923076923077,nc 028659|nc 031087|nc 028760|nc 028786,0.17,0.06462911941936915,0.23076923076923078,0.07692307692307693,0.13333333333333333,0.09999999999999996,0.38461538461538464,0.38461538461538464,0.38461538461538464,nc 028659|nc 031087|nc 028760|nc 028786|nc 028774,0.18307692307692303,0.06507164917709723,0.3076923076923077,0.07692307692307693,0.16666666666666666,0.11866666666666666,0.07692307692307693,0.07692307692307693,0.07692307692307693,0.07692307692307693,0.07692307692307693
lactobacillus casei,lactobacillus,8,4,2,0.5,0.5,0.5,0.5,nc 005893,0.23,0.24919871588754225,0.0,0.5,0.25,0.1225,0.5,1.0,1.0,nc 005893|nc 031125,0.44,0.2764054992217051,0.5,0.5,0.5,0.265,1.0,1.0,1.0,nc 005893|nc 031125,0.62,0.2749545416973504,0.5,0.5,0.5,0.385,1.0,1.0,1.0,nc 005893|nc 031125,0.79,0.27549954627911827,0.5,0.5,0.5,0.47,1.0,1.0,1.0,nc 005893|nc 031125,0.88,0.21354156504062624,0.5,0.5,0.5,0.615,0.5,0.5,0.0,0.0,0.0
lactobacillus paracasei,lactobacillus,8,7,2,0.875,0.5,0.5,0.5,nc 028888,0.43,0.17349351572897473,0.0,0.5,0.14285714285714285,0.11857142857142852,0.5,1.0,1.0,nc 028888|nc 022756,0.675,0.2384848003542364,0.5,0.5,0.2857142857142857,0.24285714285714274,1.0,1.0,1.0,nc 028888|nc 022756,0.865,0.22197972880423114,0.5,0.5,0.2857142857142857,0.3899999999999999,1.0,1.0,1.0,nc 028888|nc 022756,0.89,0.20712315177207982,0.5,0.5,0.2857142857142857,0.4957142857142856,1.0,1.0,1.0,nc 028888|nc 022756,0.935,0.16815171720800237,0.5,0.5,0.2857142857142857,0.6328571428571428,0.5,0.5,0.0,0.0,0.0
lactococcus lactis,lactococcus,58,53,15,0.9137931034482759,0.06666666666666667,0.06666666666666667,0.06666666666666667,nc 015263,0.05933333333333332,0.020859317129549353,0.0,0.06666666666666667,0.018867924528301886,0.017169811320754715,0.13333333333333333,0.13333333333333333,0.13333333333333333,nc 015263|nc 002671,0.11333333333333333,0.03197221015541813,0.06666666666666667,0.06666666666666667,0.03773584905660377,0.033962264150943396,0.13333333333333333,0.2,0.2,nc 015263|nc 002671|nc 002796,0.15666666666666662,0.04459696053419884,0.13333333333333333,0.06666666666666668,0.05660377358490566,0.049622641509433955,0.2,0.26666666666666666,0.26666666666666666,nc 015263|nc 002671|nc 002796|nc 004746,0.184,0.055071670474835695,0.2,0.06666666666666665,0.07547169811320754,0.0681132075471698,0.26666666666666666,0.3333333333333333,0.3333333333333333,nc 015263|nc 002671|nc 002796|nc 004746|nc 031017,0.21266666666666667,0.06442566776267566,0.26666666666666666,0.06666666666666665,0.09433962264150944,0.08716981132075473,0.06666666666666667,0.06666666666666667,0.06666666666666668,0.06666666666666665,0.06666666666666665
leuconostoc mesenteroides,leuconostoc,14,8,6,0.5714285714285714,0.0,0.16666666666666666,0.16666666666666666,nc 018273,0.08833333333333332,0.0831831980897852,0.0,0.16666666666666666,0.125,0.07875,0.0,0.3333333333333333,0.3333333333333333,nc 018273|nc 027377,0.18500000000000003,0.09688194419555746,0.16666666666666666,0.16666666666666666,0.25,0.14875,0.0,0.5,0.5,nc 018273|nc 027377|nc 027987,0.25999999999999995,0.11623730516108462,0.3333333333333333,0.16666666666666669,0.375,0.21625,0.0,0.6666666666666666,0.6666666666666666,nc 018273|nc 027377|nc 027987|nc 027358,0.3350000000000001,0.1301601577544629,0.5,0.16666666666666663,0.5,0.2775,0.0,0.8333333333333334,0.8333333333333334,nc 018273|nc 027377|nc 027987|nc 027358|nc 024378,0.42666666666666664,0.14007934259633795,0.6666666666666666,0.16666666666666674,0.625,0.36875,0.16666666666666666,0.16666666666666666,0.16666666666666669,0.16666666666666663,0.16666666666666674
leuconostoc pseudomesenteroides,leuconostoc,9,5,2,0.5555555555555556,0.0,0.5,0.5,nc 020870,0.29,0.24677925358506136,0.0,0.5,0.2,0.08799999999999997,0.5,1.0,1.0,nc 020870|nc 020880,0.49,0.2643860813280457,0.5,0.5,0.4,0.21599999999999997,1.0,1.0,1.0,nc 020870|nc 020880,0.625,0.248746859276655,0.5,0.5,0.4,0.34,1.0,1.0,1.0,nc 020870|nc 020880,0.705,0.24591665254715872,0.5,0.5,0.4,0.45599999999999996,1.0,1.0,1.0,nc 020870|nc 020880,0.81,0.24269322199023194,0.5,0.5,0.4,0.556,0.5,0.5,0.0,0.0,0.0
listeria monocytogenes,listeria,43,24,3,0.5581395348837209,0.3333333333333333,0.3333333333333333,0.3333333333333333,nc 003291,0.20999999999999996,0.1609347693943108,0.0,0.3333333333333333,0.041666666666666664,0.025416666666666664,0.6666666666666666,0.6666666666666666,0.6666666666666666,nc 003291|nc 009812,0.3166666666666666,0.15184055965240498,0.3333333333333333,0.3333333333333333,0.08333333333333333,0.04416666666666666,0.6666666666666666,1.0,1.0,nc 003291|nc 009812|nc 020871,0.34000000000000014,0.10519822558706335,0.6666666666666666,0.33333333333333337,0.125,0.06791666666666668,0.6666666666666666,1.0,1.0,nc 003291|nc 009812|nc 020871,0.3766666666666667,0.13042665031009235,0.6666666666666666,0.33333333333333337,0.125,0.09374999999999999,0.6666666666666666,1.0,1.0,nc 003291|nc 009812|nc 020871,0.3966666666666667,0.15416441439796238,0.6666666666666666,0.33333333333333337,0.125,0.11583333333333334,0.3333333333333333,0.3333333333333333,0.33333333333333337,0.0,0.0
pantoea agglomerans,pantoea,6,4,2,0.6666666666666666,0.0,0.5,0.5,nc 042120,0.34,0.233238075793812,0.0,0.5,0.25,0.155,0.0,1.0,1.0,nc 042120|nc 019510,0.585,0.25548972582082435,0.5,0.5,0.5,0.3375,0.5,1.0,1.0,nc 042120|nc 019510,0.745,0.24994999499899975,0.5,0.5,0.5,0.52,0.5,1.0,1.0,nc 042120|nc 019510,0.825,0.2384848003542364,0.5,0.5,0.5,0.6725,0.5,1.0,1.0,nc 042120|nc 019510,0.945,0.15644487847162014,0.5,0.5,0.5,0.8175,0.5,0.5,0.0,0.0,0.0
proteus mirabilis,proteus,13,11,6,0.8461538461538461,0.16666666666666666,0.16666666666666666,0.16666666666666666,nc 041925,0.13999999999999999,0.06110100926607786,0.0,0.16666666666666666,0.09090909090909091,0.07636363636363637,0.3333333333333333,0.3333333333333333,0.3333333333333333,nc 041925|nc 028762,0.26166666666666666,0.08251262529657707,0.16666666666666666,0.16666666666666666,0.18181818181818182,0.15454545454545457,0.3333333333333333,0.5,0.5,nc 041925|nc 028762|nc 027390,0.3566666666666668,0.11789826122551596,0.3333333333333333,0.16666666666666669,0.2727272727272727,0.2309090909090909,0.5,0.6666666666666666,0.6666666666666666,nc 041925|nc 028762|nc 027390|nc 028916,0.4716666666666666,0.11317390747576637,0.5,0.16666666666666663,0.36363636363636365,0.31636363636363635,0.5,0.8333333333333334,0.8333333333333334,nc 041925|nc 028762|nc 027390|nc 028916|nc 027363,0.5433333333333333,0.13042665031009235,0.6666666666666666,0.16666666666666674,0.45454545454545453,0.3927272727272728,0.16666666666666666,0.16666666666666666,0.16666666666666669,0.16666666666666663,0.16666666666666674
pseudomonas aeruginosa,pseudomonas,143,129,32,0.9020979020979021,0.03125,0.03125,0.03125,nc 012418,0.0253125,0.012259403278708144,0.0,0.03125,0.007751937984496124,0.0068992248062015515,0.0625,0.0625,0.0625,nc 012418|nc 028836,0.0453125,0.015546678704790937,0.03125,0.03125,0.015503875968992248,0.014031007751937987,0.09375,0.09375,0.09375,nc 012418|nc 028836|nc 009818,0.0659375,0.022919270685386132,0.0625,0.03125,0.023255813953488372,0.020775193798449613,0.09375,0.125,0.125,nc 012418|nc 028836|nc 009818|nc 030940,0.074375,0.025302853099996452,0.09375,0.03125,0.031007751937984496,0.028372093023255815,0.125,0.15625,0.15625,nc 012418|nc 028836|nc 009818|nc 030940|nc 030908,0.0915625,0.029065860020821684,0.125,0.03125,0.03875968992248062,0.035193798449612415,0.03125,0.03125,0.03125,0.03125,0.03125
pseudomonas fluorescens,pseudomonas,12,8,6,0.6666666666666666,0.16666666666666666,0.16666666666666666,0.16666666666666666,nc 041994,0.11666666666666664,0.07637626158259732,0.0,0.16666666666666666,0.125,0.08375,0.3333333333333333,0.3333333333333333,0.3333333333333333,nc 041994|nc 016571,0.19833333333333328,0.10722510070977885,0.16666666666666666,0.16666666666666666,0.25,0.1675,0.5,0.5,0.5,nc 041994|nc 016571|nc 018850,0.30000000000000004,0.12472191289246473,0.3333333333333333,0.16666666666666669,0.375,0.24625,0.5,0.6666666666666666,0.6666666666666666,nc 041994|nc 016571|nc 018850|nc 027292,0.4083333333333332,0.12104865871944957,0.5,0.16666666666666663,0.5,0.3225,0.6666666666666666,0.8333333333333334,0.8333333333333334,nc 041994|nc 016571|nc 018850|nc 027292|nc 013638,0.5033333333333334,0.13535960336164637,0.6666666666666666,0.16666666666666674,0.625,0.40625,0.16666666666666666,0.16666666666666666,0.16666666666666669,0.16666666666666663,0.16666666666666674
pseudomonas putida,pseudomonas,11,7,5,0.6363636363636364,0.2,0.2,0.2,nc 041881,0.14799999999999996,0.08772684879784526,0.0,0.2,0.14285714285714285,0.10142857142857138,0.4,0.4,0.4,nc 041881|nc 017972,0.21799999999999997,0.13295111883696203,0.2,0.2,0.2857142857142857,0.18428571428571425,0.4,0.6,0.6,nc 041881|nc 017972|nc 030923,0.34600000000000003,0.13222707740852474,0.4,0.19999999999999996,0.42857142857142855,0.2499999999999999,0.6,0.8,0.8,nc 041881|nc 017972|nc 030923|nc 004665,0.434,0.1415768342632367,0.6,0.20000000000000007,0.5714285714285714,0.3457142857142857,0.8,1.0,1.0,nc 041881|nc 017972|nc 030923|nc 004665|nc 016764,0.524,0.17613631085043197,0.8,0.19999999999999996,0.7142857142857143,0.45714285714285713,0.2,0.2,0.19999999999999996,0.20000000000000007,0.19999999999999996
rhizobium etli,rhizobium,5,3,2,0.6,0.5,0.5,0.5,nc 041908,0.3,0.24494897427831783,0.0,0.5,0.3333333333333333,0.18333333333333332,0.5,1.0,1.0,nc 041908|nc 034248,0.54,0.27999999999999997,0.5,0.5,0.6666666666666666,0.38333333333333336,1.0,1.0,1.0,nc 041908|nc 034248,0.74,0.2497999199359359,0.5,0.5,0.6666666666666666,0.6033333333333332,1.0,1.0,1.0,nc 041908|nc 034248,0.92,0.18330302779823363,0.5,0.5,0.6666666666666666,0.8033333333333335,1.0,1.0,1.0,nc 041908|nc 034248,1.0,0.0,0.5,0.5,0.6666666666666666,1.0,0.5,0.5,0.0,0.0,0.0
rhodococcus erythropolis,rhodococcus,6,4,3,0.6666666666666666,0.3333333333333333,0.3333333333333333,0.3333333333333333,nc 042040,0.20999999999999996,0.1609347693943108,0.0,0.3333333333333333,0.25,0.1825,0.3333333333333333,0.6666666666666666,0.6666666666666666,nc 042040|nc 016653,0.42999999999999994,0.18436075745366443,0.3333333333333333,0.3333333333333333,0.5,0.3325,0.6666666666666666,1.0,1.0,nc 042040|nc 016653|nc 028677,0.5866666666666667,0.19504985117770393,0.6666666666666666,0.33333333333333337,0.75,0.485,1.0,1.0,1.0,nc 042040|nc 016653|nc 028677,0.7733333333333334,0.1818424226264781,0.6666666666666666,0.33333333333333337,0.75,0.6425,1.0,1.0,1.0,nc 042040|nc 016653|nc 028677,0.8866666666666668,0.15790292376436016,0.6666666666666666,0.33333333333333337,0.75,0.835,0.3333333333333333,0.3333333333333333,0.33333333333333337,0.0,0.0
salmonella enterica,salmonella,89,73,31,0.8202247191011236,0.03225806451612903,0.03225806451612903,0.03225806451612903,nc 011802,0.02806451612903225,0.01084849788438725,0.0,0.03225806451612903,0.0136986301369863,0.010684931506849316,0.03225806451612903,0.06451612903225806,0.06451612903225806,nc 011802|nc 014900,0.05096774193548386,0.018908839857745607,0.03225806451612903,0.03225806451612903,0.0273972602739726,0.02219178082191781,0.06451612903225806,0.0967741935483871,0.0967741935483871,nc 011802|nc 014900|nc 011976,0.07387096774193548,0.023393213882988248,0.06451612903225806,0.03225806451612903,0.0410958904109589,0.03397260273972603,0.0967741935483871,0.12903225806451613,0.12903225806451613,nc 011802|nc 014900|nc 011976|nc 002371,0.09548387096774194,0.029182407426835203,0.0967741935483871,0.03225806451612903,0.0547945205479452,0.04643835616438356,0.12903225806451613,0.16129032258064516,0.16129032258064516,nc 011802|nc 014900|nc 011976|nc 002371|nc 028696,0.1170967741935484,0.030824601982976988,0.12903225806451613,0.03225806451612903,0.0684931506849315,0.05520547945205479,0.03225806451612903,0.03225806451612903,0.03225806451612903,0.03225806451612903,0.03225806451612903
serratia marcescens,serratia,7,2,2,0.2857142857142857,0.5,0.5,0.5,nc 041917,0.09,0.19209372712298547,0.0,0.5,0.5,0.175,1.0,1.0,1.0,nc 041917|nc 024121,0.29,0.30967725134404045,0.5,0.5,1.0,0.275,1.0,1.0,1.0,nc 041917|nc 024121,0.395,0.2940663190506523,0.5,0.5,1.0,0.46,1.0,1.0,1.0,nc 041917|nc 024121,0.575,0.34186985827943356,0.5,0.5,1.0,0.55,1.0,1.0,1.0,nc 041917|nc 024121,0.735,0.29542342493444895,0.5,0.5,1.0,0.725,0.5,0.5,0.0,0.0,0.0
shewanella sp. 10n.6,shewanella,23,7,3,0.30434782608695654,0.3333333333333333,0.3333333333333333,0.3333333333333333,mg592585.1,0.09,0.14798648586948743,0.0,0.3333333333333333,0.14285714285714285,0.04285714285714286,0.3333333333333333,0.6666666666666666,0.6666666666666666,mg592585.1|mg592435.1,0.15666666666666665,0.1969489499562993,0.3333333333333333,0.3333333333333333,0.2857142857142857,0.08571428571428569,0.6666666666666666,1.0,1.0,mg592585.1|mg592435.1|mg592431.1,0.2533333333333333,0.20066555924389884,0.6666666666666666,0.33333333333333337,0.42857142857142855,0.1271428571428571,1.0,1.0,1.0,mg592585.1|mg592435.1|mg592431.1,0.33333333333333326,0.21602468994692867,0.6666666666666666,0.33333333333333337,0.42857142857142855,0.19857142857142848,1.0,1.0,1.0,mg592585.1|mg592435.1|mg592431.1,0.39000000000000007,0.2312045751181311,0.6666666666666666,0.33333333333333337,0.42857142857142855,0.2285714285714285,0.3333333333333333,0.3333333333333333,0.33333333333333337,0.0,0.0
shewanella sp. 10n.7,shewanella,26,2,2,0.07692307692307693,0.5,0.5,0.5,mg592580.1,0.045,0.14309088021254185,0.0,0.5,0.5,0.025,1.0,1.0,1.0,mg592580.1|mg592452.1,0.07,0.18734993995195193,0.5,0.5,1.0,0.08,1.0,1.0,1.0,mg592580.1|mg592452.1,0.095,0.20850659461993043,0.5,0.5,1.0,0.11,1.0,1.0,1.0,mg592580.1|mg592452.1,0.215,0.28508770580296866,0.5,0.5,1.0,0.21,1.0,1.0,1.0,mg592580.1|mg592452.1,0.18,0.26,0.5,0.5,1.0,0.185,0.5,0.5,0.0,0.0,0.0
shigella boydii,shigella,10,3,3,0.3,0.3333333333333333,0.3333333333333333,0.3333333333333333,nc 042076,0.12,0.16000000000000003,0.0,0.3333333333333333,0.3333333333333333,0.10666666666666666,0.3333333333333333,0.6666666666666666,0.6666666666666666,nc 042076|nc 023589,0.19333333333333327,0.20099751242241778,0.3333333333333333,0.3333333333333333,0.6666666666666666,0.21999999999999997,0.6666666666666666,1.0,1.0,nc 042076|nc 023589|nc 013693,0.31666666666666665,0.21794494717703367,0.6666666666666666,0.33333333333333337,1.0,0.31333333333333335,0.6666666666666666,1.0,1.0,nc 042076|nc 023589|nc 013693,0.40666666666666673,0.2384207298966355,0.6666666666666666,0.33333333333333337,1.0,0.4066666666666666,0.6666666666666666,1.0,1.0,nc 042076|nc 023589|nc 013693,0.49333333333333335,0.2602562839459085,0.6666666666666666,0.33333333333333337,1.0,0.5433333333333333,0.3333333333333333,0.3333333333333333,0.33333333333333337,0.0,0.0
shigella flexneri,shigella,25,20,11,0.8,0.09090909090909091,0.09090909090909091,0.09090909090909091,nc 005344,0.06818181818181819,0.03936479108111085,0.0,0.09090909090909091,0.05,0.03949999999999999,0.18181818181818182,0.18181818181818182,0.18181818181818182,nc 005344|nc 027398,0.14,0.048820805753082015,0.09090909090909091,0.09090909090909091,0.1,0.07849999999999999,0.2727272727272727,0.2727272727272727,0.2727272727272727,nc 005344|nc 027398|nc 025434,0.20545454545454547,0.06248305555432575,0.18181818181818182,0.09090909090909088,0.15,0.1125,0.36363636363636365,0.36363636363636365,0.36363636363636365,nc 005344|nc 027398|nc 025434|nc 022749,0.2409090909090909,0.07646638109663963,0.2727272727272727,0.09090909090909094,0.2,0.16349999999999995,0.45454545454545453,0.45454545454545453,0.45454545454545453,nc 005344|nc 027398|nc 025434|nc 022749|nc 027339,0.31363636363636366,0.0731521679065049,0.36363636363636365,0.09090909090909088,0.25,0.20049999999999993,0.09090909090909091,0.09090909090909091,0.09090909090909088,0.09090909090909094,0.09090909090909088
shigella sonnei,shigella,17,12,4,0.7058823529411765,0.25,0.25,0.25,nc 028685,0.195,0.10356157588603991,0.0,0.25,0.08333333333333333,0.05916666666666666,0.5,0.5,0.5,nc 028685|nc 029120,0.2975,0.13553136168429802,0.25,0.25,0.16666666666666666,0.1175,0.5,0.75,0.75,nc 028685|nc 029120|nc 025829,0.3425,0.14428704030508074,0.5,0.25,0.25,0.17833333333333334,0.5,1.0,1.0,nc 028685|nc 029120|nc 025829|nc 027387,0.42,0.19326148090087691,0.75,0.25,0.3333333333333333,0.2358333333333333,0.5,1.0,1.0,nc 028685|nc 029120|nc 025829|nc 027387,0.445,0.17168284713389395,0.75,0.25,0.3333333333333333,0.3016666666666666,0.25,0.25,0.25,0.25,0.0
sinorhizobium meliloti,sinorhizobium,7,5,2,0.7142857142857143,0.5,0.5,0.5,nc 003324,0.335,0.23510635891017492,0.0,0.5,0.2,0.14599999999999994,0.5,1.0,1.0,nc 003324|nc 041929,0.615,0.2815581645060218,0.5,0.5,0.4,0.26999999999999996,1.0,1.0,1.0,nc 003324|nc 041929,0.82,0.24,0.5,0.5,0.4,0.4260000000000001,1.0,1.0,1.0,nc 003324|nc 041929,0.94,0.16248076809271922,0.5,0.5,0.4,0.566,1.0,1.0,1.0,nc 003324|nc 041929,0.97,0.11874342087037917,0.5,0.5,0.4,0.7239999999999998,0.5,0.5,0.0,0.0,0.0
staphylococcus aureus,staphylococcus,149,111,32,0.7449664429530202,0.03125,0.03125,0.03125,nc 007045,0.02375,0.01334634781503914,0.0,0.03125,0.009009009009009009,0.006396396396396397,0.0625,0.0625,0.0625,nc 007045|nc 009526,0.0403125,0.018379144940665768,0.03125,0.03125,0.018018018018018018,0.013063063063063063,0.0625,0.09375,0.09375,nc 007045|nc 009526|nc 004740,0.056875,0.022264391413196097,0.0625,0.03125,0.02702702702702703,0.02036036036036036,0.0625,0.125,0.125,nc 007045|nc 009526|nc 004740|nc 004617,0.0703125,0.028768675999253077,0.09375,0.03125,0.036036036036036036,0.026126126126126126,0.0625,0.15625,0.15625,nc 007045|nc 009526|nc 004740|nc 004617|nc 004615,0.0790625,0.026683547716711137,0.125,0.03125,0.04504504504504504,0.03360360360360361,0.03125,0.03125,0.03125,0.03125,0.03125
staphylococcus auricularis,staphylococcus,39,4,1,0.10256410256410256,1.0,1.0,1.0,pg 2021 17,0.08,0.2712931993250107,0.0,1.0,0.25,0.015,1.0,1.0,1.0,pg 2021 17,0.19,0.39230090491866065,0.0,1.0,0.25,0.0375,1.0,1.0,1.0,pg 2021 17,0.25,0.4330127018922193,0.0,1.0,0.25,0.085,1.0,1.0,1.0,pg 2021 17,0.44,0.4963869458396343,0.0,1.0,0.25,0.1225,1.0,1.0,1.0,pg 2021 17,0.4,0.4898979485566356,0.0,1.0,0.25,0.11,1.0,0.0,0.0,0.0,0.0
staphylococcus capitis,staphylococcus,40,18,4,0.45,0.25,0.25,0.25,nc 019915,0.1125,0.12437342963832751,0.0,0.25,0.05555555555555555,0.02388888888888889,0.5,0.5,0.5,nc 019915|pg 2021 17,0.2175,0.15674421839417232,0.25,0.25,0.1111111111111111,0.05,0.5,0.75,0.75,nc 019915|pg 2021 17|pg 2021 10,0.265,0.1796524422322168,0.5,0.25,0.16666666666666666,0.07277777777777779,0.75,1.0,1.0,nc 019915|pg 2021 17|pg 2021 10|pg 2021 15,0.3525,0.18739997331910166,0.75,0.25,0.2222222222222222,0.1,0.75,1.0,1.0,nc 019915|pg 2021 17|pg 2021 10|pg 2021 15,0.3975,0.16618889854620256,0.75,0.25,0.2222222222222222,0.1161111111111111,0.25,0.25,0.25,0.25,0.0
staphylococcus caprae,staphylococcus,39,2,1,0.05128205128205128,0.0,1.0,1.0,pg 2021 5,0.08,0.2712931993250107,0.0,1.0,0.5,0.025,0.0,1.0,1.0,pg 2021 5,0.14,0.34698703145794946,0.0,1.0,0.5,0.045,0.0,1.0,1.0,pg 2021 5,0.15,0.3570714214271425,0.0,1.0,0.5,0.065,0.0,1.0,1.0,pg 2021 5,0.25,0.4330127018922193,0.0,1.0,0.5,0.12,0.0,1.0,1.0,pg 2021 5,0.21,0.40730823708832603,0.0,1.0,0.5,0.175,1.0,0.0,0.0,0.0,0.0
staphylococcus chromogenes,staphylococcus,39,20,3,0.5128205128205128,0.3333333333333333,0.3333333333333333,0.3333333333333333,pg 2021 17,0.15333333333333332,0.16613247725836144,0.0,0.3333333333333333,0.05,0.027999999999999994,0.3333333333333333,0.6666666666666666,0.6666666666666666,pg 2021 17|pg 2021 15,0.30999999999999994,0.1841195263952197,0.3333333333333333,0.3333333333333333,0.1,0.04799999999999999,0.3333333333333333,1.0,1.0,pg 2021 17|pg 2021 15|pg 2021 23,0.38666666666666666,0.16812693617224653,0.6666666666666666,0.33333333333333337,0.15,0.07400000000000001,0.3333333333333333,1.0,1.0,pg 2021 17|pg 2021 15|pg 2021 23,0.4299999999999999,0.23235509223791262,0.6666666666666666,0.33333333333333337,0.15,0.0955,0.3333333333333333,1.0,1.0,pg 2021 17|pg 2021 15|pg 2021 23,0.5033333333333333,0.21341144403345488,0.6666666666666666,0.33333333333333337,0.15,0.124,0.3333333333333333,0.3333333333333333,0.33333333333333337,0.0,0.0
staphylococcus cohnii,staphylococcus,40,16,4,0.4,0.25,0.25,0.25,pg 2021 17,0.1025,0.12295832627357935,0.0,0.25,0.0625,0.02125,0.25,0.5,0.5,pg 2021 17|pg 2021 19,0.175,0.15612494995995996,0.25,0.25,0.125,0.0475,0.25,0.75,0.75,pg 2021 17|pg 2021 19|pg 2021 12,0.275,0.15206906325745548,0.5,0.25,0.1875,0.071875,0.25,1.0,1.0,pg 2021 17|pg 2021 19|pg 2021 12|pg 2021 23,0.32,0.17705931209625772,0.75,0.25,0.25,0.095,0.25,1.0,1.0,pg 2021 17|pg 2021 19|pg 2021 12|pg 2021 23,0.38,0.1853375299285064,0.75,0.25,0.25,0.120625,0.25,0.25,0.25,0.25,0.0
staphylococcus epidermidis,staphylococcus,59,35,12,0.5932203389830508,0.08333333333333333,0.08333333333333333,0.08333333333333333,nc 023582,0.05249999999999999,0.0402336923485777,0.0,0.08333333333333333,0.02857142857142857,0.018,0.16666666666666666,0.16666666666666666,0.16666666666666666,nc 023582|nc 029119,0.09583333333333334,0.05448623679425842,0.08333333333333333,0.08333333333333333,0.05714285714285714,0.032,0.25,0.25,0.25,nc 023582|nc 029119|nc 041928,0.13416666666666666,0.06111805516102968,0.16666666666666666,0.08333333333333334,0.08571428571428572,0.04942857142857143,0.25,0.3333333333333333,0.3333333333333333,nc 023582|nc 029119|nc 041928|nc 008723,0.1691666666666667,0.07017339635186226,0.25,0.08333333333333331,0.11428571428571428,0.0642857142857143,0.3333333333333333,0.4166666666666667,0.4166666666666667,nc 023582|nc 029119|nc 041928|nc 008723|pg 2021 17,0.1975,0.0787533068088784,0.3333333333333333,0.08333333333333337,0.14285714285714285,0.08628571428571429,0.08333333333333333,0.08333333333333333,0.08333333333333334,0.08333333333333331,0.08333333333333337
staphylococcus equorum,staphylococcus,39,20,3,0.5128205128205128,0.3333333333333333,0.3333333333333333,0.3333333333333333,pg 2021 17,0.17999999999999997,0.16613247725836147,0.0,0.3333333333333333,0.05,0.028999999999999995,0.3333333333333333,0.6666666666666666,0.6666666666666666,pg 2021 17|pg 2021 15,0.26666666666666666,0.21081851067789192,0.3333333333333333,0.3333333333333333,0.1,0.055,0.3333333333333333,1.0,1.0,pg 2021 17|pg 2021 15|pg 2021 23,0.36666666666666664,0.20816659994661324,0.6666666666666666,0.33333333333333337,0.15,0.07400000000000001,0.3333333333333333,1.0,1.0,pg 2021 17|pg 2021 15|pg 2021 23,0.4766666666666666,0.21733231083604052,0.6666666666666666,0.33333333333333337,0.15,0.1065,0.3333333333333333,1.0,1.0,pg 2021 17|pg 2021 15|pg 2021 23,0.53,0.1891207727000571,0.6666666666666666,0.33333333333333337,0.15,0.12749999999999997,0.3333333333333333,0.3333333333333333,0.33333333333333337,0.0,0.0
staphylococcus fleuretti,staphylococcus,39,7,2,0.1794871794871795,0.0,0.5,0.5,pg 2021 14,0.115,0.21041625412500814,0.0,0.5,0.14285714285714285,0.032857142857142856,0.0,1.0,1.0,pg 2021 14|pg 2021 23,0.17,0.2471841418861655,0.5,0.5,0.2857142857142857,0.05,0.0,1.0,1.0,pg 2021 14|pg 2021 23,0.27,0.2776688675382964,0.5,0.5,0.2857142857142857,0.07857142857142857,0.0,1.0,1.0,pg 2021 14|pg 2021 23,0.27,0.2776688675382964,0.5,0.5,0.2857142857142857,0.10428571428571427,0.0,1.0,1.0,pg 2021 14|pg 2021 23,0.41,0.2861817604250837,0.5,0.5,0.2857142857142857,0.12571428571428567,0.5,0.5,0.0,0.0,0.0
staphylococcus haemolyticus,staphylococcus,42,6,4,0.14285714285714285,0.25,0.25,0.25,nc 029025,0.0425,0.09390819985496475,0.0,0.25,0.16666666666666666,0.018333333333333333,0.25,0.5,0.5,nc 029025|pg 2021 41,0.0625,0.10825317547305482,0.25,0.25,0.3333333333333333,0.05333333333333333,0.25,0.75,0.75,nc 029025|pg 2021 41|pg 2021 19,0.1225,0.1435923048077438,0.5,0.25,0.5,0.06,0.25,1.0,1.0,nc 029025|pg 2021 41|pg 2021 19|pg 2021 46,0.1425,0.15514106484100204,0.75,0.25,0.6666666666666666,0.09499999999999999,0.25,1.0,1.0,nc 029025|pg 2021 41|pg 2021 19|pg 2021 46,0.1475,0.17711225254058513,0.75,0.25,0.6666666666666666,0.11499999999999998,0.25,0.25,0.25,0.25,0.0
staphylococcus hominis,staphylococcus,41,2,1,0.04878048780487805,1.0,1.0,1.0,nc 019914,0.05,0.21794494717703367,0.0,1.0,0.5,0.015,1.0,1.0,1.0,nc 019914,0.17,0.375632799419859,0.0,1.0,0.5,0.06,1.0,1.0,1.0,nc 019914,0.12,0.32496153618543844,0.0,1.0,0.5,0.045,1.0,1.0,1.0,nc 019914,0.2,0.4,0.0,1.0,0.5,0.085,1.0,1.0,1.0,nc 019914,0.26,0.4386342439892262,0.0,1.0,0.5,0.12,1.0,0.0,0.0,0.0,0.0
staphylococcus hyicus,staphylococcus,39,6,2,0.15384615384615385,0.5,0.5,0.5,pg 2021 17,0.06,0.1624807680927192,0.0,0.5,0.16666666666666666,0.03166666666666666,0.5,1.0,1.0,pg 2021 17|pg 2021 15,0.175,0.24874685927665496,0.5,0.5,0.3333333333333333,0.04666666666666667,0.5,1.0,1.0,pg 2021 17|pg 2021 15,0.235,0.26884010117540125,0.5,0.5,0.3333333333333333,0.09499999999999999,0.5,1.0,1.0,pg 2021 17|pg 2021 15,0.25,0.2692582403567252,0.5,0.5,0.3333333333333333,0.09166666666666666,0.5,1.0,1.0,pg 2021 17|pg 2021 15,0.32,0.2959729717389749,0.5,0.5,0.3333333333333333,0.12999999999999998,0.5,0.5,0.0,0.0,0.0
staphylococcus kloosii,staphylococcus,39,17,6,0.4358974358974359,0.16666666666666666,0.16666666666666666,0.16666666666666666,pg 2021 17,0.07666666666666666,0.08306623862918074,0.0,0.16666666666666666,0.058823529411764705,0.025882352941176467,0.16666666666666666,0.3333333333333333,0.3333333333333333,pg 2021 17|pg 2021 8,0.145,0.10180318702716967,0.16666666666666666,0.16666666666666666,0.11764705882352941,0.05470588235294117,0.16666666666666666,0.5,0.5,pg 2021 17|pg 2021 8|pg 2021 14,0.1966666666666667,0.1255653880122491,0.3333333333333333,0.16666666666666669,0.17647058823529413,0.09235294117647058,0.3333333333333333,0.6666666666666666,0.6666666666666666,pg 2021 17|pg 2021 8|pg 2021 14|pg 2021 33,0.26166666666666666,0.1338635291797002,0.5,0.16666666666666663,0.23529411764705882,0.1052941176470588,0.3333333333333333,0.8333333333333334,0.8333333333333334,pg 2021 17|pg 2021 8|pg 2021 14|pg 2021 33|pg 2021 19,0.3133333333333333,0.12970050972229144,0.6666666666666666,0.16666666666666674,0.29411764705882354,0.12117647058823529,0.16666666666666666,0.16666666666666666,0.16666666666666669,0.16666666666666663,0.16666666666666674
staphylococcus lentus,staphylococcus,39,10,4,0.2564102564102564,0.25,0.25,0.25,pg 2021 17,0.06,0.10677078252031312,0.0,0.25,0.1,0.024000000000000004,0.25,0.5,0.5,pg 2021 17|pg 2021 14,0.105,0.1331352695569435,0.25,0.25,0.2,0.037000000000000005,0.5,0.75,0.75,pg 2021 17|pg 2021 14|pg 2021 23,0.2125,0.1672386020032456,0.5,0.25,0.3,0.06899999999999999,0.5,1.0,1.0,pg 2021 17|pg 2021 14|pg 2021 23|pg 2021 33,0.225,0.18874586088176876,0.75,0.25,0.4,0.10100000000000002,0.5,1.0,1.0,pg 2021 17|pg 2021 14|pg 2021 23|pg 2021 33,0.2625,0.19803724397193573,0.75,0.25,0.4,0.14400000000000002,0.25,0.25,0.25,0.25,0.0
staphylococcus lugdunensis,staphylococcus,39,22,7,0.5641025641025641,0.14285714285714285,0.14285714285714285,0.14285714285714285,pg 2021 17,0.07857142857142857,0.07107053122190142,0.0,0.14285714285714285,0.045454545454545456,0.019545454545454546,0.14285714285714285,0.2857142857142857,0.2857142857142857,pg 2021 17|pg 2021 15,0.12285714285714283,0.08334829797608469,0.14285714285714285,0.14285714285714285,0.09090909090909091,0.047272727272727265,0.14285714285714285,0.42857142857142855,0.42857142857142855,pg 2021 17|pg 2021 15|pg 2021 19,0.19142857142857136,0.10345066851560955,0.2857142857142857,0.14285714285714285,0.13636363636363635,0.07636363636363637,0.14285714285714285,0.5714285714285714,0.5714285714285714,pg 2021 17|pg 2021 15|pg 2021 19|pg 2021 1,0.2242857142857142,0.1054726969216127,0.42857142857142855,0.14285714285714285,0.18181818181818182,0.105,0.14285714285714285,0.7142857142857143,0.7142857142857143,pg 2021 17|pg 2021 15|pg 2021 19|pg 2021 1|pg 2021 5,0.2699999999999999,0.11587290715367805,0.5714285714285714,0.1428571428571429,0.22727272727272727,0.13272727272727272,0.14285714285714285,0.14285714285714285,0.14285714285714285,0.14285714285714285,0.1428571428571429
staphylococcus pasteuri,staphylococcus,41,3,3,0.07317073170731707,0.3333333333333333,0.3333333333333333,0.3333333333333333,nc 018277,0.023333333333333334,0.08504900548115382,0.0,0.3333333333333333,0.3333333333333333,0.019999999999999997,0.3333333333333333,0.6666666666666666,0.6666666666666666,nc 018277|pg 2021 9,0.04999999999999999,0.11902380714238081,0.3333333333333333,0.3333333333333333,0.6666666666666666,0.05,0.6666666666666666,1.0,1.0,nc 018277|pg 2021 9|pg 2021 10,0.06666666666666667,0.14907119849998596,0.6666666666666666,0.33333333333333337,1.0,0.06333333333333332,0.6666666666666666,1.0,1.0,nc 018277|pg 2021 9|pg 2021 10,0.07666666666666665,0.15531330342962324,0.6666666666666666,0.33333333333333337,1.0,0.056666666666666664,1.0,1.0,1.0,nc 018277|pg 2021 9|pg 2021 10,0.13333333333333333,0.19436506316151,0.6666666666666666,0.33333333333333337,1.0,0.10666666666666667,0.3333333333333333,0.3333333333333333,0.33333333333333337,0.0,0.0
staphylococcus pettenkoferi,staphylococcus,39,4,3,0.10256410256410256,0.3333333333333333,0.3333333333333333,0.3333333333333333,pg 2021 17,0.03666666666666667,0.10429658564774674,0.0,0.3333333333333333,0.25,0.0125,0.3333333333333333,0.6666666666666666,0.6666666666666666,pg 2021 17|pg 2021 8,0.07333333333333333,0.13808210118138653,0.3333333333333333,0.3333333333333333,0.5,0.0525,0.3333333333333333,1.0,1.0,pg 2021 17|pg 2021 8|pg 2021 1,0.09666666666666668,0.1512540173938457,0.6666666666666666,0.33333333333333337,0.75,0.0675,0.3333333333333333,1.0,1.0,pg 2021 17|pg 2021 8|pg 2021 1,0.15,0.1964971020425266,0.6666666666666666,0.33333333333333337,0.75,0.1225,0.6666666666666666,1.0,1.0,pg 2021 17|pg 2021 8|pg 2021 1,0.19333333333333327,0.21176506899024783,0.6666666666666666,0.33333333333333337,0.75,0.1425,0.3333333333333333,0.3333333333333333,0.33333333333333337,0.0,0.0
staphylococcus saprophyticus,staphylococcus,40,3,3,0.075,0.3333333333333333,0.3333333333333333,0.3333333333333333,nc 022914,0.01,0.056862407030773256,0.0,0.3333333333333333,0.3333333333333333,0.016666666666666666,0.3333333333333333,0.6666666666666666,0.6666666666666666,nc 022914|pg 2021 38,0.06666666666666667,0.13333333333333333,0.3333333333333333,0.3333333333333333,0.6666666666666666,0.04999999999999999,0.3333333333333333,1.0,1.0,nc 022914|pg 2021 38|pg 2021 27,0.056666666666666664,0.13379088160259653,0.6666666666666666,0.33333333333333337,1.0,0.07666666666666666,0.3333333333333333,1.0,1.0,nc 022914|pg 2021 38|pg 2021 27,0.13,0.19376388839111494,0.6666666666666666,0.33333333333333337,1.0,0.07,0.3333333333333333,1.0,1.0,nc 022914|pg 2021 38|pg 2021 27,0.11666666666666665,0.17873008824606013,0.6666666666666666,0.33333333333333337,1.0,0.11333333333333333,0.3333333333333333,0.3333333333333333,0.33333333333333337,0.0,0.0
staphylococcus schleiferi,staphylococcus,39,25,7,0.6410256410256411,0.14285714285714285,0.14285714285714285,0.14285714285714285,pg 2021 17,0.09571428571428565,0.06717324540290712,0.0,0.14285714285714285,0.04,0.0268,0.14285714285714285,0.2857142857142857,0.2857142857142857,pg 2021 17|pg 2021 10,0.16428571428571426,0.10177004891982147,0.14285714285714285,0.14285714285714285,0.08,0.05279999999999999,0.14285714285714285,0.42857142857142855,0.42857142857142855,pg 2021 17|pg 2021 10|pg 2021 15,0.2442857142857142,0.1165752800484191,0.2857142857142857,0.14285714285714285,0.12,0.08,0.14285714285714285,0.5714285714285714,0.5714285714285714,pg 2021 17|pg 2021 10|pg 2021 15|pg 2021 1,0.3057142857142856,0.12939419284827716,0.42857142857142855,0.14285714285714285,0.16,0.10759999999999997,0.14285714285714285,0.7142857142857143,0.7142857142857143,pg 2021 17|pg 2021 10|pg 2021 15|pg 2021 1|pg 2021 19,0.34285714285714275,0.12289036095775181,0.5714285714285714,0.1428571428571429,0.2,0.12959999999999997,0.14285714285714285,0.14285714285714285,0.14285714285714285,0.14285714285714285,0.1428571428571429
staphylococcus sciuri,staphylococcus,39,25,8,0.6410256410256411,0.125,0.125,0.125,pg 2021 17,0.075,0.06123724356957946,0.0,0.125,0.04,0.0252,0.125,0.25,0.25,pg 2021 17|pg 2021 29,0.1575,0.08407585860400119,0.125,0.125,0.08,0.054000000000000006,0.125,0.375,0.375,pg 2021 17|pg 2021 29|pg 2021 14,0.22875,0.09363326065026252,0.25,0.125,0.12,0.0784,0.125,0.5,0.5,pg 2021 17|pg 2021 29|pg 2021 14|pg 2021 23,0.26125,0.10322154571599866,0.375,0.125,0.16,0.10719999999999999,0.125,0.625,0.625,pg 2021 17|pg 2021 29|pg 2021 14|pg 2021 23|pg 2021 31,0.3575,0.10310795313650638,0.5,0.125,0.2,0.128,0.125,0.125,0.125,0.125,0.125
staphylococcus succinus,staphylococcus,39,19,4,0.48717948717948717,0.25,0.25,0.25,pg 2021 17,0.13,0.12489995996796795,0.0,0.25,0.05263157894736842,0.023157894736842106,0.25,0.5,0.5,pg 2021 17|pg 2021 15,0.1975,0.14703315952532614,0.25,0.25,0.10526315789473684,0.05526315789473684,0.25,0.75,0.75,pg 2021 17|pg 2021 15|pg 2021 19,0.28,0.15116216457830975,0.5,0.25,0.15789473684210525,0.07842105263157895,0.25,1.0,1.0,pg 2021 17|pg 2021 15|pg 2021 19|pg 2021 33,0.3125,0.1340475661845451,0.75,0.25,0.21052631578947367,0.10842105263157892,0.25,1.0,1.0,pg 2021 17|pg 2021 15|pg 2021 19|pg 2021 33,0.36,0.15132745950421556,0.75,0.25,0.21052631578947367,0.12894736842105262,0.25,0.25,0.25,0.25,0.0
staphylococcus vitulinus,staphylococcus,39,29,8,0.7435897435897436,0.125,0.125,0.125,pg 2021 17,0.10125,0.04903761311483258,0.0,0.125,0.034482758620689655,0.026551724137931037,0.125,0.25,0.25,pg 2021 17|pg 2021 15,0.17375,0.0788491439395508,0.125,0.125,0.06896551724137931,0.05310344827586207,0.125,0.375,0.375,pg 2021 17|pg 2021 15|pg 2021 29,0.25375,0.0874196059245293,0.25,0.125,0.10344827586206896,0.08206896551724138,0.125,0.5,0.5,pg 2021 17|pg 2021 15|pg 2021 29|pg 2021 19,0.30375,0.10039764688477514,0.375,0.125,0.13793103448275862,0.09620689655172415,0.25,0.625,0.625,pg 2021 17|pg 2021 15|pg 2021 29|pg 2021 19|pg 2021 23,0.33875,0.10352384990909098,0.5,0.125,0.1724137931034483,0.12896551724137933,0.125,0.125,0.125,0.125,0.125
staphylococcus warneri,staphylococcus,40,4,2,0.1,0.0,0.5,0.5,pg 2021 9,0.07,0.17349351572897473,0.0,0.5,0.25,0.0275,0.5,1.0,1.0,pg 2021 9|pg 2021 1,0.125,0.21650635094610965,0.5,0.5,0.5,0.0475,0.5,1.0,1.0,pg 2021 9|pg 2021 1,0.105,0.20365411854416302,0.5,0.5,0.5,0.075,0.5,1.0,1.0,pg 2021 9|pg 2021 1,0.2,0.2738612787525831,0.5,0.5,0.5,0.085,0.5,1.0,1.0,pg 2021 9|pg 2021 1,0.22,0.276767050061961,0.5,0.5,0.5,0.1475,0.5,0.5,0.0,0.0,0.0
staphylococcus xylosus,staphylococcus,40,28,6,0.7,0.16666666666666666,0.16666666666666666,0.16666666666666666,pg 2021 17,0.10833333333333332,0.07949493345141212,0.0,0.16666666666666666,0.03571428571428571,0.024285714285714275,0.16666666666666666,0.3333333333333333,0.3333333333333333,pg 2021 17|nc 025417,0.20666666666666667,0.09463379711052261,0.16666666666666666,0.16666666666666666,0.07142857142857142,0.04857142857142855,0.16666666666666666,0.5,0.5,pg 2021 17|nc 025417|pg 2021 15,0.28500000000000003,0.10876835732673155,0.3333333333333333,0.16666666666666669,0.10714285714285714,0.07357142857142854,0.16666666666666666,0.6666666666666666,0.6666666666666666,pg 2021 17|nc 025417|pg 2021 15|pg 2021 23,0.315,0.11760338241545418,0.5,0.16666666666666663,0.14285714285714285,0.09857142857142855,0.16666666666666666,0.8333333333333334,0.8333333333333334,pg 2021 17|nc 025417|pg 2021 15|pg 2021 23|pg 2021 33,0.37,0.1345362404707371,0.6666666666666666,0.16666666666666674,0.17857142857142858,0.12428571428571428,0.16666666666666666,0.16666666666666666,0.16666666666666669,0.16666666666666663,0.16666666666666674
streptomyces griseus,streptomyces,12,11,3,0.9166666666666666,0.3333333333333333,0.3333333333333333,0.3333333333333333,nc 028818,0.29,0.11210114480533494,0.0,0.3333333333333333,0.09090909090909091,0.08363636363636369,0.3333333333333333,0.6666666666666666,0.6666666666666666,nc 028818|nc 042016,0.5,0.16666666666666666,0.3333333333333333,0.3333333333333333,0.18181818181818182,0.16818181818181827,0.3333333333333333,1.0,1.0,nc 028818|nc 042016|nc 042009,0.6866666666666669,0.17524585904126555,0.6666666666666666,0.33333333333333337,0.2727272727272727,0.2509090909090909,0.3333333333333333,1.0,1.0,nc 028818|nc 042016|nc 042009,0.7900000000000001,0.18046236911518887,0.6666666666666666,0.33333333333333337,0.2727272727272727,0.33181818181818196,0.3333333333333333,1.0,1.0,nc 028818|nc 042016|nc 042009,0.88,0.17962924780409975,0.6666666666666666,0.33333333333333337,0.2727272727272727,0.4190909090909091,0.3333333333333333,0.3333333333333333,0.33333333333333337,0.0,0.0
vibrio alginolyticus,vibrio,85,4,4,0.047058823529411764,0.25,0.25,0.25,nc 042100,0.0175,0.06378675411086537,0.0,0.25,0.25,0.015,0.5,0.5,0.5,nc 042100|nc 028829,0.0275,0.07822243923581008,0.25,0.25,0.5,0.02,0.75,0.75,0.75,nc 042100|nc 028829|nc 023605,0.0375,0.08926785535678562,0.5,0.25,0.75,0.0375,1.0,1.0,1.0,nc 042100|nc 028829|nc 023605|nc 025822,0.0425,0.09390819985496475,0.75,0.25,1.0,0.025,1.0,1.0,1.0,nc 042100|nc 028829|nc 023605|nc 025822,0.0775,0.11562331079847175,0.75,0.25,1.0,0.05,0.25,0.25,0.25,0.25,0.0
vibrio breoganii,vibrio,125,52,6,0.416,0.16666666666666666,0.16666666666666666,0.16666666666666666,mg592585.1,0.07833333333333332,0.0831831980897852,0.0,0.16666666666666666,0.019230769230769232,0.008076923076923077,0.3333333333333333,0.3333333333333333,0.3333333333333333,mg592585.1|mg592396.1,0.13166666666666665,0.09218037872683221,0.16666666666666666,0.16666666666666666,0.038461538461538464,0.013461538461538462,0.3333333333333333,0.5,0.5,mg592585.1|mg592396.1|mg592397.1,0.17833333333333334,0.09790868761816345,0.3333333333333333,0.16666666666666669,0.057692307692307696,0.02384615384615384,0.3333333333333333,0.6666666666666666,0.6666666666666666,mg592585.1|mg592396.1|mg592397.1|mg592511.1,0.17166666666666672,0.0926612708261176,0.5,0.16666666666666663,0.07692307692307693,0.030384615384615378,0.3333333333333333,0.8333333333333334,0.8333333333333334,mg592585.1|mg592396.1|mg592397.1|mg592511.1|mg592666.1,0.19000000000000003,0.08171767114754175,0.6666666666666666,0.16666666666666674,0.09615384615384616,0.039615384615384615,0.16666666666666666,0.16666666666666666,0.16666666666666669,0.16666666666666663,0.16666666666666674
vibrio cyclitrophicus,vibrio,125,50,5,0.4,0.0,0.2,0.2,mg592455.1,0.09799999999999998,0.0999799979995999,0.0,0.2,0.02,0.0088,0.2,0.4,0.4,mg592455.1|mg592396.1,0.13999999999999999,0.12165525060596441,0.2,0.2,0.04,0.0154,0.4,0.6,0.6,mg592455.1|mg592396.1|mg592512.1,0.17999999999999997,0.12806248474865697,0.4,0.19999999999999996,0.06,0.023600000000000003,0.4,0.8,0.8,mg592455.1|mg592396.1|mg592512.1|mg592500.1,0.23199999999999996,0.14620533505997654,0.6,0.20000000000000007,0.08,0.033400000000000006,0.4,1.0,1.0,mg592455.1|mg592396.1|mg592512.1|mg592500.1|mg592469.1,0.27,0.14798648586948743,0.8,0.19999999999999996,0.1,0.04239999999999999,0.2,0.2,0.19999999999999996,0.20000000000000007,0.19999999999999996
vibrio kanaloae,vibrio,93,2,2,0.021505376344086023,0.0,0.5,0.5,mg592455.1,0.0,0.0,0.0,0.5,0.5,0.015,0.0,1.0,1.0,mg592455.1|mg592512.1,0.025,0.10897247358851685,0.5,0.5,1.0,0.0,0.0,1.0,1.0,mg592455.1|mg592512.1,0.025,0.10897247358851683,0.5,0.5,1.0,0.035,0.0,1.0,1.0,mg592455.1|mg592512.1,0.045,0.14309088021254185,0.5,0.5,1.0,0.035,0.0,1.0,1.0,mg592455.1|mg592512.1,0.04,0.13564659966250536,0.5,0.5,1.0,0.07,0.5,0.5,0.0,0.0,0.0
vibrio lentus,vibrio,144,96,10,0.6666666666666666,0.1,0.1,0.1,mg592455.1,0.07199999999999998,0.0448998886412873,0.0,0.1,0.010416666666666666,0.007083333333333333,0.2,0.2,0.2,mg592455.1|mg592512.1,0.09899999999999999,0.043577517139001855,0.1,0.1,0.020833333333333332,0.0140625,0.3,0.3,0.3,mg592455.1|mg592512.1|mg592396.1,0.13699999999999998,0.05595533933415113,0.2,0.09999999999999998,0.03125,0.021562500000000005,0.3,0.4,0.4,mg592455.1|mg592512.1|mg592396.1|mg592469.1,0.146,0.06696267617113283,0.3,0.10000000000000003,0.041666666666666664,0.0275,0.3,0.5,0.5,mg592455.1|mg592512.1|mg592396.1|mg592469.1|mg592585.1,0.155,0.0653834841531101,0.4,0.09999999999999998,0.052083333333333336,0.03302083333333333,0.1,0.1,0.09999999999999998,0.10000000000000003,0.09999999999999998
vibrio parahaemolyticus,vibrio,110,18,10,0.16363636363636364,0.1,0.1,0.1,nc 019529,0.015,0.035707142142714254,0.0,0.1,0.05555555555555555,0.01,0.2,0.2,0.2,nc 019529|nc 002362,0.029000000000000005,0.049588305072869765,0.1,0.1,0.1111111111111111,0.015555555555555553,0.2,0.3,0.3,nc 019529|nc 002362|nc 020850,0.046,0.05902541825349483,0.2,0.09999999999999998,0.16666666666666666,0.019444444444444445,0.2,0.4,0.4,nc 019529|nc 002362|nc 020850|nc 012662,0.056999999999999995,0.07107038764492564,0.3,0.10000000000000003,0.2222222222222222,0.035555555555555556,0.3,0.5,0.5,nc 019529|nc 002362|nc 020850|nc 012662|nc 002363,0.07400000000000001,0.0743236167042482,0.4,0.09999999999999998,0.2777777777777778,0.049444444444444444,0.1,0.1,0.09999999999999998,0.10000000000000003,0.09999999999999998
vibrio sp. 10n.1,vibrio,91,7,1,0.07692307692307693,0.0,1.0,1.0,mg592589.1,0.1,0.30000000000000004,0.0,1.0,0.14285714285714285,0.01714285714285714,0.0,1.0,1.0,mg592589.1,0.15,0.3570714214271425,0.0,1.0,0.14285714285714285,0.02714285714285714,0.0,1.0,1.0,mg592589.1,0.22,0.41424630354415964,0.0,1.0,0.14285714285714285,0.03285714285714285,0.0,1.0,1.0,mg592589.1,0.27,0.4439594576084623,0.0,1.0,0.14285714285714285,0.047142857142857146,0.0,1.0,1.0,mg592589.1,0.35,0.4769696007084728,0.0,1.0,0.14285714285714285,0.04857142857142857,1.0,0.0,0.0,0.0,0.0
vibrio sp. 10n.2,vibrio,99,3,1,0.030303030303030304,0.0,1.0,1.0,mg592499.1,0.06,0.23748684174075835,0.0,1.0,0.3333333333333333,0.01,0.0,1.0,1.0,mg592499.1,0.1,0.3,0.0,1.0,0.3333333333333333,0.019999999999999997,0.0,1.0,1.0,mg592499.1,0.09,0.28618176042508375,0.0,1.0,0.3333333333333333,0.03666666666666666,0.0,1.0,1.0,mg592499.1,0.14,0.34698703145794946,0.0,1.0,0.3333333333333333,0.04666666666666666,0.0,1.0,1.0,mg592499.1,0.15,0.3570714214271425,0.0,1.0,0.3333333333333333,0.04666666666666667,1.0,0.0,0.0,0.0,0.0
vibrio sp. 10n.4,vibrio,83,2,2,0.024096385542168676,0.0,0.5,0.5,mg592413.1,0.005,0.049749371855330994,0.0,0.5,0.5,0.015,0.0,1.0,1.0,mg592413.1|mg592541.1,0.01,0.06999999999999999,0.5,0.5,1.0,0.03,0.0,1.0,1.0,mg592413.1|mg592541.1,0.045,0.14309088021254188,0.5,0.5,1.0,0.05,0.0,1.0,1.0,mg592413.1|mg592541.1,0.035,0.12757350822173072,0.5,0.5,1.0,0.04,0.0,1.0,1.0,mg592413.1|mg592541.1,0.04,0.13564659966250536,0.5,0.5,1.0,0.06,0.5,0.5,0.0,0.0,0.0
vibrio sp. f12,vibrio,101,22,5,0.21782178217821782,0.2,0.2,0.2,mg592455.1,0.028000000000000004,0.06939740629158991,0.0,0.2,0.045454545454545456,0.010909090909090908,0.4,0.4,0.4,mg592455.1|mg592512.1,0.09399999999999999,0.11473447607410775,0.2,0.2,0.09090909090909091,0.020000000000000004,0.6,0.6,0.6,mg592455.1|mg592512.1|mg592396.1,0.11999999999999998,0.12961481396815722,0.4,0.19999999999999996,0.13636363636363635,0.025,0.6,0.8,0.8,mg592455.1|mg592512.1|mg592396.1|mg592500.1,0.136,0.13230268326832983,0.6,0.20000000000000007,0.18181818181818182,0.04272727272727273,0.6,1.0,1.0,mg592455.1|mg592512.1|mg592396.1|mg592500.1|mg592469.1,0.158,0.1530882098660769,0.8,0.19999999999999996,0.22727272727272727,0.04954545454545455,0.2,0.2,0.19999999999999996,0.20000000000000007,0.19999999999999996
vibrio sp. f13,vibrio,93,8,3,0.08602150537634409,0.3333333333333333,0.3333333333333333,0.3333333333333333,mg592585.1,0.02666666666666667,0.09043106644167023,0.0,0.3333333333333333,0.125,0.01625,0.3333333333333333,0.6666666666666666,0.6666666666666666,mg592585.1|mg592531.1,0.056666666666666664,0.1337908816025965,0.3333333333333333,0.3333333333333333,0.25,0.015,0.3333333333333333,1.0,1.0,mg592585.1|mg592531.1|mg592523.1,0.06999999999999999,0.1357694123627753,0.6666666666666666,0.33333333333333337,0.375,0.02625,0.3333333333333333,1.0,1.0,mg592585.1|mg592531.1|mg592523.1,0.08333333333333331,0.14433756729740646,0.6666666666666666,0.33333333333333337,0.375,0.0525,0.3333333333333333,1.0,1.0,mg592585.1|mg592531.1|mg592523.1,0.16333333333333333,0.19145640641032508,0.6666666666666666,0.33333333333333337,0.375,0.04125,0.3333333333333333,0.3333333333333333,0.33333333333333337,0.0,0.0
vibrio splendidus,vibrio,138,53,11,0.38405797101449274,0.09090909090909091,0.09090909090909091,0.09090909090909091,mg592547.1,0.04181818181818182,0.0453088574340986,0.0,0.09090909090909091,0.018867924528301886,0.007358490566037736,0.18181818181818182,0.18181818181818182,0.18181818181818182,mg592547.1|mg592455.1,0.06454545454545454,0.05346660346375496,0.09090909090909091,0.09090909090909091,0.03773584905660377,0.013962264150943395,0.2727272727272727,0.2727272727272727,0.2727272727272727,mg592547.1|mg592455.1|mg592512.1,0.08909090909090912,0.06800583348823652,0.18181818181818182,0.09090909090909088,0.05660377358490566,0.020566037735849058,0.36363636363636365,0.36363636363636365,0.36363636363636365,mg592547.1|mg592455.1|mg592512.1|mg592396.1,0.11272727272727273,0.07832966992195642,0.2727272727272727,0.09090909090909094,0.07547169811320754,0.03037735849056604,0.36363636363636365,0.45454545454545453,0.45454545454545453,mg592547.1|mg592455.1|mg592512.1|mg592396.1|nc 021073,0.1318181818181818,0.0826972972666375,0.36363636363636365,0.09090909090909088,0.09433962264150944,0.03773584905660377,0.09090909090909091,0.09090909090909091,0.09090909090909088,0.09090909090909094,0.09090909090909088
vibrio tasmaniensis,vibrio,85,3,1,0.03529411764705882,0.0,1.0,1.0,mg592596.1,0.05,0.21794494717703367,0.0,1.0,0.3333333333333333,0.01,1.0,1.0,1.0,mg592596.1,0.09,0.28618176042508375,0.0,1.0,0.3333333333333333,0.03,1.0,1.0,1.0,mg592596.1,0.14,0.34698703145794946,0.0,1.0,0.3333333333333333,0.03333333333333333,1.0,1.0,1.0,mg592596.1,0.14,0.34698703145794946,0.0,1.0,0.3333333333333333,0.04666666666666666,1.0,1.0,1.0,mg592596.1,0.15,0.3570714214271425,0.0,1.0,0.3333333333333333,0.05666666666666665,1.0,0.0,0.0,0.0,0.0
vibrio vulnificus,vibrio,97,4,2,0.041237113402061855,0.5,0.5,0.5,nc 020488,0.035,0.12757350822173072,0.0,0.5,0.25,0.0075,0.5,1.0,1.0,nc 020488|nc 021562,0.04,0.13564659966250536,0.5,0.5,0.5,0.015,0.5,1.0,1.0,nc 020488|nc 021562,0.08,0.18330302779823363,0.5,0.5,0.5,0.025,1.0,1.0,1.0,nc 020488|nc 021562,0.075,0.17853571071357124,0.5,0.5,0.5,0.0325,1.0,1.0,1.0,nc 020488|nc 021562,0.11,0.20712315177207982,0.5,0.5,0.5,0.07,0.5,0.5,0.0,0.0,0.0
yersinia enterocolitica,yersinia,12,9,4,0.75,0.25,0.25,0.25,nc 005069,0.17,0.116619037896906,0.0,0.25,0.1111111111111111,0.08777777777777779,0.25,0.5,0.5,nc 005069|nc 001271,0.31,0.13285330255586422,0.25,0.25,0.2222222222222222,0.1711111111111111,0.25,0.75,0.75,nc 005069|nc 001271|nc 025451,0.4075,0.16452583383772895,0.5,0.25,0.3333333333333333,0.2388888888888889,0.25,1.0,1.0,nc 005069|nc 001271|nc 025451|nc 028655,0.4775,0.15039531242695034,0.75,0.25,0.4444444444444444,0.3333333333333334,0.25,1.0,1.0,nc 005069|nc 001271|nc 025451|nc 028655,0.5775,0.19904459299363045,0.75,0.25,0.4444444444444444,0.408888888888889,0.25,0.25,0.25,0.25,0.0
